# xi,yi,Xr,Yr
31,14,68.58699935235643,22.863305043347033
32,14,61.45425223001757,15.513884232802743
33,14,61.478874783811065,11.900604209434142
34,14,62.58871228826086,8.520439023904002
35,14,63.17403358363974,5.0450361673427
36,14,63.37805617816795,1.5622796494804625
37,14,63.274905442671084,-1.9067801659634096
38,14,62.875448201222476,-5.337994218832494
39,14,62.14783582704471,-8.696575365184941
40,14,61.21655834622828,-11.930913489746837
41,14,61.45019508306852,-15.51069176157096
42,14,68.58049634093021,-22.859456556998268
43,14,76.17628675618309,-30.47292458150857
28,15,69.78478315561699,38.44504303255389
29,15,62.740923173322535,30.98991181980886
30,15,54.83981922870175,23.289906047454743
31,15,45.72651149348689,15.243630271941516
32,15,50.27602134522163,12.921808831289903
33,15,52.53416656624871,10.121590858605336
34,15,53.72838750431981,7.204934078458172
35,15,54.32174304172319,4.240985518805644
36,15,54.50961175466305,1.26370915482943
37,15,54.37137257372204,-1.7045564473483812
38,15,53.917670975544524,-4.643854482392992
39,15,53.096350821003,-7.529878189646518
40,15,51.76385154272997,-10.324377380987876
41,15,49.587842084798105,-12.95332155379872
42,15,45.72294411714096,-15.239500029664462
43,15,54.608781244454846,-23.112492991534996
44,15,62.482374356650155,-30.78368634856149
45,15,69.61701585958697,-38.30703649768672
46,15,76.19876454451848,-45.7202522090671
26,16,72.92455372977967,51.223175677398864
27,16,65.99593603765479,41.57776576640431
28,16,59.85798069519119,34.36234969618804
29,16,53.09122171965498,27.108201657063482
30,16,45.72204676003966,19.59588316592386
31,16,43.07235278655353,14.657927684603923
32,16,44.39430314637599,11.635292960515399
33,16,45.8513782101575,9.062748056623839
34,16,46.69161033196816,6.447167900450892
35,16,47.10901183278262,3.8111253969850627
36,16,47.212508762431455,1.1724490742266
37,16,47.05320637251716,-1.4554272012463805
38,16,46.642496357326124,-4.060088120778
39,16,45.956299916689574,-6.627167280183647
40,16,44.92849938197296,-9.13645782364603
41,16,43.43925821278693,-11.555168160006676
42,16,42.04300836636451,-14.220570021420011
43,16,43.61798619125247,-18.111310260857103
44,16,50.798884305973566,-25.398620348685625
45,16,58.4188823394212,-33.126978106076315
46,16,66.03883676351185,-41.728303815455575
47,16,73.64046788803043,-52.0468347465661
25,17,68.75547208220344,55.767327762876306
26,17,61.98802485867189,45.31310278590511
27,17,56.55381823190738,37.4913782301015
28,17,51.145408496172706,30.62806156874065
29,17,45.036537850141414,23.655857123233233
30,17,39.913657500935095,17.4986286381621
31,17,38.752057732950824,13.694586773993214
32,17,39.14024920525432,10.790134602655828
33,17,39.88168598974141,8.329103551095054
34,17,40.40580695765456,5.944596489448192
35,17,40.64637967071721,3.556363058836446
36,17,40.66006111830844,1.172715648832185
37,17,40.47769441372299,-1.198930696571522
38,17,40.10930944393182,-3.5513133959491885
39,17,39.54662086642719,-5.876184259457045
40,17,38.76384667535245,-8.16274683352619
41,17,37.78940090982552,-10.437105236605793
42,17,37.082093470618815,-12.975252342934018
43,17,37.52905722394068,-15.999756554421314
44,17,40.8320881028916,-20.466306253944687
45,17,48.25726450371266,-28.3007567690997
46,17,55.700022956352285,-36.94339331044076
47,17,62.952680601480125,-46.48100963302531
48,17,70.48309260996294,-57.62470951948055
23,18,76.19199191453583,76.1931222630548
24,18,63.13333161826198,58.77877309791348
25,18,56.111082427613894,47.757080727941975
26,18,52.031478687976794,40.28097302473904
27,18,47.76919170777179,33.58001494759486
28,18,43.043589465354735,27.15551686389677
29,18,37.603732967458214,20.528234195479893
30,18,34.68314280700133,15.912289155329065
31,18,33.874085967752904,12.710863867552789
32,18,33.9266272933142,10.081851887588678
33,18,34.265161977381595,7.785019642414557
34,18,34.54007002643549,5.592157875934445
35,18,34.62903013440409,3.403840323027984
36,18,34.56100829288298,1.223814063306841
37,18,34.35444760510172,-0.9439572246143144
38,18,34.01761593922557,-3.0953814360798315
39,18,33.54995473957008,-5.225868995535162
40,18,32.944406427572076,-7.329729527870951
41,18,32.2566907226878,-9.441344251198123
42,18,31.76746041448124,-11.725071484115995
43,18,31.885527025372856,-14.269483279813034
44,18,33.36304879579355,-17.42194222274735
45,18,38.05761608376625,-23.17114911524494
46,18,45.21907570292464,-31.540322560850726
47,18,51.84759391499693,-40.309803220142776
48,18,58.134771959299,-49.808777471998916
49,18,65.14832478279887,-60.48100030694848
50,18,76.1961654224097,-76.19579270602217
23,19,60.9555861815139,66.03556013987613
24,19,45.72218903142812,45.72056279691613
25,19,44.79293638608203,41.1513178640418
26,19,42.83547992776007,35.797330230615756
27,19,39.7352955216908,30.091474168924556
28,19,35.48712154801,23.91668697936513
29,19,31.284656350075807,18.099327899755238
30,19,29.472243074008222,14.502426330730572
31,19,28.83520429412167,11.790040314423972
32,19,28.7624373604738,9.469841729439956
33,19,28.910601578220163,7.3766493307336125
34,19,29.118370226749192,5.352060318382215
35,19,29.25080168853484,3.3263713721073342
36,19,29.25943855400723,1.3002087333866512
37,19,29.122283337005406,-0.7198615314050599
38,19,28.829826875696572,-2.7252177668775266
39,19,28.37988948966764,-4.706543581931033
40,19,27.779515830399333,-6.654879283498705
41,19,27.076298878404202,-8.577850347735291
42,19,26.490194882472633,-10.573284680990078
43,19,26.368882099492787,-12.715354397069827
44,19,26.9156356520498,-15.121954190911294
45,19,28.804057215965134,-18.602994751874437
46,19,34.85429435963334,-25.92689014863869
47,19,40.61896684263822,-33.77645302963092
48,19,45.009859825308574,-41.022161934375205
49,19,48.05682637456958,-46.73643732116613
50,19,45.718985411749635,-45.72059266051117
51,19,66.02809301696071,-76.18428616998887
22,20,60.91257764317808,76.15270657277314
23,20,48.89277706410906,59.26378617208245
24,20,41.539867173753755,47.35596068809422
25,20,37.70117337012462,39.30478915731389
26,20,35.105610707054026,32.84108992814109
27,20,32.2119656103866,26.866845856436928
28,20,28.383694654739358,20.872011647597144
29,20,25.420425272523314,16.081678784839657
30,20,24.329873491826554,13.270683711947823
31,20,23.906715381188974,11.018446968567433
32,20,24.111963761494625,9.01826049569961
33,20,24.509537528351228,7.115472981072723
34,20,24.83984661823587,5.207598787832663
35,20,25.042467905525008,3.287065524424165
36,20,25.09995501131117,1.3614963358094474
37,20,25.0050471769833,-0.5601376547473915
38,20,24.75496854551826,-2.4682189630508007
39,20,24.350086170006243,-4.352628639911953
40,20,23.79545249814335,-6.202753149788752
41,20,23.106594604444087,-8.007620943261639
42,20,22.375874862726725,-9.79305291595838
43,20,21.753760149204403,-11.57853500204363
44,20,21.24232841128831,-13.363922470155424
45,20,21.387588512194334,-15.46233391834016
46,20,24.806209711692116,-20.411060840148558
47,20,29.20069490758513,-26.99482780915517
48,20,32.6822661325327,-33.320609796721456
49,20,35.84957319450327,-39.46319766810477
50,20,39.25693066452297,-46.59491698077174
51,20,44.58191678227601,-57.21416996105559
22,21,48.1572758675552,68.6399700802054
23,21,41.751075821045106,57.43633534903706
24,21,36.627844667552964,47.63256143165051
25,21,32.3449423808528,39.10888707840526
26,21,28.614624314135767,31.443107159687116
27,21,25.25245179513261,24.29726883286072
28,21,21.654717195169482,17.987809927952792
29,21,19.900674044518137,14.43742272373776
30,21,19.78421601107327,12.398859558391747
31,21,20.126677046996257,10.559197080858302
32,21,20.602528600967094,8.7579880616639
33,21,21.041887901581998,6.945841040304317
34,21,21.373266372780716,5.111537350116916
35,21,21.576763523453018,3.2630266100805847
36,21,21.6438903943517,1.4088486447247202
37,21,21.57134338609886,-0.44224632693105376
38,21,21.358725768591732,-2.2813081516688927
39,21,21.008271017954986,-4.099067668005821
40,21,20.526273312519983,-5.885774009405749
41,21,19.927057577882117,-7.631044464566927
42,21,19.242240253668086,-9.323822153346443
43,21,18.541403863589547,-10.972957679244315
44,21,17.71968176589357,-12.55828560117933
45,21,16.66169781921281,-14.00388057485575
46,21,15.241462102452703,-15.239828036434702
47,21,19.83399711825062,-22.01889810441432
48,21,24.19879125692081,-28.958859471827097
49,21,28.562961703885446,-36.426845849439815
50,21,32.944595311630785,-44.620406175121424
51,21,37.27920509094084,-53.708727897104446
52,21,41.54818283847579,-64.04588767538665
22,22,39.94584601662964,63.74448798489898
23,22,34.87804372298906,53.272511710031864
24,22,30.384246568088667,44.20399933799393
25,22,26.258959550334016,36.08751744448999
26,22,22.40078323197767,28.66110483650054
27,22,18.742394299048748,21.75083462766858
28,22,15.239972010578287,15.239458614704544
29,22,16.098164974697443,13.671582755537248
30,22,16.767142028194808,12.024011684067329
31,22,17.294191239253106,10.326282217374018
32,22,17.741240266143915,8.59063634820238
33,22,18.12458054485739,6.8274487946287445
34,22,18.413067400473047,5.044039958734605
35,22,18.591335460103203,3.248039685573454
36,22,18.652095813858754,1.4471169906117107
37,22,18.592603418676944,-0.3510512050731258
38,22,18.413253980611223,-2.138713314335854
39,22,18.11757286998968,-3.9079416270141505
40,22,17.721451670958615,-5.663482000073899
41,22,17.2605965013687,-7.428910271798891
42,22,16.766866154715807,-9.197187241437438
43,22,16.228246391423152,-10.959023833237044
44,22,15.593129301366206,-12.704876103466937
45,22,14.868919738326719,-14.440313374214348
46,22,14.34149671648174,-16.428477650950096
47,22,15.565255992787066,-20.139529503907514
48,22,18.437451367129395,-26.079972285140062
49,22,22.319451167777085,-33.14274814196273
50,22,26.71014372956574,-41.163936232649064
51,22,31.06427847271666,-49.88074026908383
52,22,35.37080257810187,-59.503471410885666
53,22,39.48908250238286,-70.97295492254213
21,23,37.01122296053553,66.40295433833302
22,23,32.16505761971551,56.42411354121274
23,23,27.485381444135584,46.87539051754082
24,23,23.402884898620538,38.81531114148116
25,23,20.27230868803837,32.265638003786655
26,23,17.567149544860477,26.129000162705115
27,23,15.216802069191505,20.28569316299828
28,23,13.983249047979362,16.259629882450433
29,23,14.105576579804705,13.992309692608183
30,23,14.53544873424328,12.088166587718288
31,23,14.930979498337974,10.250372330802865
32,23,15.272212275499767,8.47174235631427
33,23,15.573124734780338,6.741115735442498
34,23,15.803517161868495,4.995058171756665
35,23,15.946719589132956,3.2389953226896515
36,23,15.994337181999285,1.479214010098643
37,23,15.943063553315714,-0.27791110056833257
38,23,15.794618323105379,-2.0281235159471596
39,23,15.573598572713076,-3.801455505013878
40,23,15.297500107805638,-5.604828896353705
41,23,14.984901187501157,-7.433553776698094
42,23,14.646385887265534,-9.284553235943978
43,23,14.254735493665905,-11.155894445483199
44,23,13.815780152440954,-13.052313348250282
45,23,13.366712612383495,-15.000397537430382
46,23,13.19356463512196,-17.259681740429464
47,23,13.958841428159262,-20.43358093253602
48,23,15.479528000944008,-24.84404793387429
49,23,17.816954104729724,-30.563776785258195
50,23,20.73075449052552,-37.054137843954386
51,23,24.891336669641497,-45.25387273577812
52,23,29.226659252992658,-54.32863127015066
53,23,33.30183696194332,-65.5776328697372
21,24,28.302338374125625,56.60542803531255
22,24,23.941731121399794,47.92626740599708
23,24,21.106136370208233,42.307594426826824
24,24,18.824205925562794,36.73375092554856
25,24,16.72420373613739,31.037240663245143
26,24,14.793876573868161,25.368665329696604
27,24,13.337229938827114,20.4894967140843
28,24,12.573797133138758,17.107569337074263
29,24,12.399721845731156,14.569083204764535
30,24,12.624432439854285,12.462859040968198
31,24,12.8760613762219,10.466044373804843
32,24,13.104698123151524,8.54965475195923
33,24,13.296944746279493,6.709525015419334
34,24,13.457185047225739,4.9589928114100825
35,24,13.562246976873475,3.234227282262828
36,24,13.593953187874858,1.5070479886156243
37,24,13.550192148545634,-0.22158891830120186
38,24,13.451265388840943,-1.9855323279615589
39,24,13.307884022665162,-3.7898034149019977
40,24,13.13167638371036,-5.631121359873476
41,24,12.926056445908221,-7.507722186161402
42,24,12.684699149044695,-9.419608114029295
43,24,12.414027550954032,-11.370598673331441
44,24,12.129154932269424,-13.373295281355636
45,24,11.880389002678942,-15.46459645810437
46,24,11.903816131323579,-17.854234024436415
47,24,12.500457691729984,-20.850090972877336
48,24,13.472489507406689,-24.516925613927324
49,24,15.039240229960708,-29.302054582871715
50,24,16.964907512189402,-34.72322170015597
51,24,19.245002605292,-40.69850647844906
52,24,23.100087389390442,-48.81944428558694
53,24,27.180650859782528,-59.73678086654703
21,25,20.005423783081337,48.070104336427605
22,25,18.665326031073636,45.73968816263779
23,25,17.155969611348137,41.21595913907767
24,25,15.559416967489703,35.931497482675816
25,25,13.987089118071774,30.42910817759211
26,25,12.571910107293919,25.097477558082037
27,25,11.644140124953093,21.012330675486954
28,25,11.059154046285029,17.79673054750096
29,25,10.768931489967187,15.143959432155233
30,25,10.824901657583867,12.878349322538151
31,25,10.961734589077118,10.761041084215265
32,25,11.104076047570407,8.74464244416132
33,25,11.22806617717731,6.816668618819327
34,25,11.323982298463743,4.97502401038745
35,25,11.387931977878905,3.2328045119872826
36,25,11.404231817917598,1.530489398848249
37,25,11.380461012080143,-0.20626870888725035
38,25,11.324737745474447,-1.989064672703673
39,25,11.238376645469668,-3.8151619551520786
40,25,11.123240987072753,-5.683104468263822
41,25,10.98238409207538,-7.593157603640744
42,25,10.819152720292339,-9.549061006550113
43,25,10.639032229732374,-11.559543314654006
44,25,10.467232542199739,-13.639345151753512
45,25,10.362658240280673,-15.83279071041978
46,25,10.503273711542375,-18.288304186219126
47,25,10.962611831949344,-21.16047288240548
48,25,11.668768434627497,-24.501312024234988
49,25,12.711316158484847,-28.535664649177875
50,25,14.165268841368496,-33.40057522801345
51,25,15.72324402874934,-38.395366496109816
52,25,17.470643289375932,-43.671358263406816
53,25,21.150670915733706,-53.19524785244443
54,25,24.385346208716516,-70.10529858043914
20,26,15.241896045061113,45.72779610662389
21,26,15.96199880398011,49.34286459678798
22,26,15.159101931247573,45.69169496754648
23,26,14.039181055288912,40.76839175890008
24,26,12.817296208027303,35.43849126769342
25,26,11.597116796465254,29.991397178178193
26,26,10.614155936337603,25.22659852671581
27,26,9.941642975926012,21.47449429136355
28,26,9.474922963972373,18.345723118421766
29,26,9.182038526833782,15.663157508523504
30,26,9.098298717197213,13.27271195128374
31,26,9.135868446991891,11.058709324489527
32,26,9.206109805813552,8.964734658918154
33,26,9.27518395067905,6.970391892429151
34,26,9.328323511080209,5.0688384173707455
35,26,9.358056186175919,3.259272959497681
36,26,9.370202423242018,1.5343209610033721
37,26,9.363236601501008,-0.21367254935365865
38,26,9.332820875716482,-2.0082432746200274
39,26,9.280505119541669,-3.8480039773547228
40,26,9.209044709987772,-5.732959994680029
41,26,9.119035954886824,-7.667038623232902
42,26,9.01176672852309,-9.657270443756587
43,26,8.90241445989688,-11.711310976874739
44,26,8.820545746275354,-13.847038195805087
45,26,8.824433621708804,-16.11724944627205
46,26,9.026344444186385,-18.61097858712726
47,26,9.374059700183773,-21.382289383763
48,26,9.897064865389629,-24.52380384061182
49,26,10.63915226647608,-28.164616819210792
50,26,11.684936121905452,-32.53125253658557
51,26,12.879880884793108,-37.209510702264986
52,26,14.077555896595806,-41.75342945050916
53,26,15.242576627576677,-45.725400739421616
54,26,18.289537665551947,-64.01011989171036
20,27,14.379129873404798,57.296121329041455
21,27,13.14658901270004,51.13551807628062
22,27,12.268311717704064,45.91394001532368
23,27,11.330346969681944,40.53038592328863
24,27,10.360665437945896,35.07446515287435
25,27,9.430429690897753,29.762223298877775
26,27,8.729877147784329,25.4220250200972
27,27,8.218921207336715,21.844549713333638
28,27,7.848792126726391,18.77405170218044
29,27,7.596158321452948,16.081905927827368
30,27,7.435289172122352,13.620755359709255
31,27,7.382623092838326,11.328077769849108
32,27,7.388920054917867,9.173076751095145
33,27,7.411037173119395,7.128231699395032
40,27,7.369042986120948,-5.768874652537277
41,27,7.3149728629777035,-7.721547004902656
42,27,7.253854553893697,-9.735701035558803
43,27,7.2033000671143546,-11.8206289050475
44,27,7.191902913308481,-14.001841224329242
45,27,7.280634739413977,-16.329166969735635
46,27,7.489285969774232,-18.840769835934424
47,27,7.7660068714875425,-21.553910565332384
48,27,8.144746348333953,-24.577175823903723
49,27,8.670992125110425,-28.08059990352048
50,27,9.404897358883813,-32.297760340993
51,27,10.344365732997959,-37.22367736104189
52,27,11.35210053155399,-42.420936190288266
53,27,12.489512584095522,-48.359236315235016
54,27,13.44210156863252,-60.06183528913815
55,27,15.240685234743168,-76.19969642655121
20,28,12.13460221299782,60.75675972984757
21,28,10.595929939533477,52.535498515535764
22,28,9.617424778906457,46.19225881629315
23,28,8.820974697941779,40.418853301809825
24,28,8.059323525424677,34.82457680789078
25,28,7.383397774280085,29.718733107754527
26,28,6.876986424181064,25.59589544674087
27,28,6.489711305462532,22.12374939244138
28,28,6.203270122261149,19.10086792540185
29,28,5.987241344810419,16.390232161750387
30,28,5.810367553587587,13.892429485081387
31,28,5.697781209101519,11.553519570511602
32,28,5.644710419213518,9.35117786117868
33,28,5.624435652447904,7.268696731831326
41,28,5.566904658323036,-7.750162004679289
42,28,5.54515485473012,-9.779749035558481
43,28,5.541688152159188,-11.889894090479608
44,28,5.586577363198797,-14.107585350008414
45,28,5.718408569938096,-16.46614485979027
46,28,5.897102940784405,-18.97424473934543
47,28,6.12122228329576,-21.69245989111681
48,28,6.409791798949228,-24.73399973240319
49,28,6.797333479141812,-28.25013759531524
50,28,7.334090675066669,-32.44924526079299
51,28,8.071557403292037,-37.545141615669586
52,28,8.88227058296565,-43.1637516055133
53,28,9.708093815881506,-49.564969572988794
54,28,10.250148186620045,-58.98637588824877
55,28,11.231657166578241,-74.19454386130705
19,29,10.840330059114555,74.0320115335593
20,29,9.196359007170697,61.72321566310567
21,29,8.027534969474138,53.37404093832944
22,29,7.166410837787589,46.52330730769312
23,29,6.480427758771727,40.396406862164525
24,29,5.8875878144342835,34.66329639132031
25,29,5.408986674491943,29.74349236587244
26,29,5.047831670578067,25.738054505471606
27,29,4.7678446784267585,22.326976293453487
28,29,4.539933882319539,19.31905752331962
29,29,4.351202542879855,16.588457290821093
30,29,4.192675368781648,14.066860485834532
31,29,4.060370145472964,11.711339852431628
32,29,3.970577202582408,9.4877507141663
42,29,3.883689616510887,-9.792165641663736
43,29,3.9176981985972885,-11.923185021351975
44,29,4.002870578853945,-14.163881951806923
45,29,4.1188898906095615,-16.522533994155967
46,29,4.261168917302977,-19.03338598445603
47,29,4.4319949889714785,-21.775155481415105
48,29,4.650499951601047,-24.85879810020095
49,29,4.936655528295924,-28.398928102963286
50,29,5.3217430761658475,-32.58824794029041
51,29,5.848725641248059,-37.710894358156494
52,29,6.42084277905906,-43.4944293386726
53,29,6.945788857239171,-50.04497252531715
54,29,7.216672075908339,-58.644682534404105
55,29,7.411170835676081,-72.28403686454011
19,30,6.7877904397935405,72.5420285403557
20,30,6.083448460576916,61.75349559896729
21,30,5.350076656079115,53.57572905221844
22,30,4.7646789134714975,46.6532438699575
23,30,4.2713520489494226,40.397917160371215
24,30,3.8361343871945874,34.593111607610325
25,30,3.5010099840117714,29.77500894161646
26,30,3.2437362604425855,25.822254206782315
27,30,3.032930666889221,22.42400180890852
28,30,2.851516812710405,19.41140056231457
29,30,2.693790397096212,16.677618939043015
30,30,2.55932916079625,14.148733674883506
31,30,2.4428118691805603,11.78464209815629
32,30,2.3412083198249265,9.558384247054038
42,30,2.2671968195075483,-9.777062171834968
43,30,2.327198045466939,-11.917953229317929
44,30,2.401729739226481,-14.155178033350255
45,30,2.492234876528354,-16.504841823490022
46,30,2.595392540381751,-19.01980018951474
47,30,2.7165581340621734,-21.781185771322367
48,30,2.867920035920047,-24.87995869959368
49,30,3.060443319634401,-28.421416712950435
50,30,3.3110642042359597,-32.58812234751413
51,30,3.644072311939033,-37.68175426227147
52,30,3.9840805556014107,-43.52377464971494
53,30,4.220320910095628,-50.08887197001714
54,30,4.167420530201662,-58.296032756326845
55,30,3.770791771764161,-70.51538719902248
19,31,2.9362539745770158,71.13556447323859
20,31,2.9447396272905895,61.264431339271134
21,31,2.63762064918583,53.34427459314014
22,31,2.3391784465360055,46.47434882708133
23,31,2.061670918253878,40.2107096648848
24,31,1.800500312156637,34.42596602100004
25,31,1.5930439103592977,29.68200021993613
26,31,1.423822063882088,25.765386087873463
27,31,1.2769614318933036,22.385580039779455
28,31,1.1436837363773535,19.383246294323072
29,31,1.0207095323359787,16.659965901266414
30,31,0.9129010248375029,14.139172598783617
31,31,0.8175733164226067,11.780559993666508
32,31,0.7193378480064303,9.564315798967856
42,31,0.6708173522279783,-9.724598231959883
43,31,0.7282883464856555,-11.857566083224041
44,31,0.7833067612018614,-14.081442845499271
45,31,0.8469715784299666,-16.41831663278977
46,31,0.9128487633136134,-18.92794023699225
47,31,0.9863742526111822,-21.688902866558863
48,31,1.0736760075570428,-24.780137192413225
49,31,1.178716867252606,-28.30446718145112
50,31,1.3066682378044265,-32.44001693026649
51,31,1.462581289313464,-37.49045123676551
52,31,1.5780717147492918,-43.322425293337545
53,31,1.5379040542783606,-49.82860262430057
54,31,1.156795888897004,-57.740973409893385
55,31,0.29024594286844824,-68.95812532691119
19,32,-0.765839938590711,69.60992468627698
20,32,-0.16887008901473666,60.38023508435363
21,32,-0.07508738610773347,52.76234489222108
22,32,-0.08899356219401744,46.03205659041212
23,32,-0.14872925081275667,39.83777380237564
24,32,-0.23711939215739292,34.11114210191364
25,32,-0.3224965598408025,29.43137388147949
26,32,-0.40613649190443846,25.55823196330857
27,32,-0.4901297308876294,22.21144074423544
28,32,-0.5756880409239044,19.236461069074014
29,32,-0.6622547164078247,16.538354614960877
30,32,-0.7431852249645378,14.040736578501951
31,32,-0.8441396108726418,11.715503063709656
32,32,-0.9572084053979698,9.531032855659484
42,32,-0.9717671165265005,-9.612196890973467
43,32,-0.9020301331653438,-11.73454345033932
44,32,-0.8465750988510762,-13.944267697446342
45,32,-0.8081116227538299,-16.261049309418855
46,32,-0.776729731024449,-18.75185354826652
47,32,-0.7486915353279366,-21.49101202685098
48,32,-0.7220690313705973,-24.555131217793942
49,32,-0.6992174774578199,-28.047051969653268
50,32,-0.6855099878483891,-32.145958626246646
51,32,-0.6939819678879231,-37.15848740843816
52,32,-0.7954225181738597,-42.927423952957696
53,32,-1.1005092618672014,-49.32145797002614
54,32,-1.8031614579098136,-56.96538449444176
55,32,-3.0674395859021932,-67.46196223444312
19,33,-4.354409656140733,67.81249284783696
20,33,-3.240134578744584,59.10353702355849
21,33,-2.7721501292641233,51.84500429295307
22,33,-2.5092839217339797,45.337330205428216
23,33,-2.3531426965072058,39.286324571441924
24,33,-2.2704657006686437,33.64327463414644
25,33,-2.236600775601354,29.02090254468545
26,33,-2.236754941486375,25.200648314514417
27,33,-2.2595824146421615,21.90267943233741
28,33,-2.2988347630317216,18.97296178128887
29,33,-2.349569203231442,16.31623358747296
30,33,-2.439244422258531,13.87517591688641
31,33,-2.560807284612029,11.603460788734209
32,33,-2.689645632409052,9.460274310401672
42,33,-2.6770320614834575,-9.456991881021995
43,33,-2.5787875460132237,-11.5503938402902
44,33,-2.504735201210827,-13.738689229284876
45,33,-2.466046313522924,-16.032232871124233
46,33,-2.4653292685189427,-18.489555193287757
47,33,-2.4798330840539027,-21.18726067050395
48,33,-2.510149427898125,-24.20659314296385
49,33,-2.5647814609545105,-27.653120887348248
50,33,-2.6595569649244095,-31.713282854805342
51,33,-2.825772742281683,-36.696072334783
52,33,-3.137173741442507,-42.3513902091711
53,33,-3.6970633623813787,-48.579322628589956
54,33,-4.714729413839678,-55.94374673061487
55,33,-6.313184752042339,-65.89671133157456
19,34,-7.876119238892225,65.56312299871045
20,34,-6.267414442394989,57.34629941871497
21,34,-5.448640463323207,50.55350723334607
22,34,-4.918218020984817,44.372794581749076
23,34,-4.549462960122981,38.54933312983317
24,34,-4.29521519765786,33.02541649113514
25,34,-4.141619284841424,28.45257923395996
26,34,-4.059687816109306,24.694907806606928
27,34,-4.023514949205202,21.462471770019633
28,34,-4.018778177724763,18.59694208813717
29,34,-4.065967430740356,16.015471816463336
30,34,-4.185315621540521,13.654805384210603
31,34,-4.330889409040902,11.445923217149982
32,34,-4.481514766275033,9.348008355896264
42,34,-4.449270361285955,-9.269648214857346
43,34,-4.3188006534482835,-11.327117012954194
44,34,-4.204021896125753,-13.471456070217489
45,34,-4.139273409926964,-15.730261631568965
46,34,-4.146200374704457,-18.142795738463
47,34,-4.198956759119719,-20.78225577699146
48,34,-4.282106447701665,-23.740335754465434
49,34,-4.41019350876593,-27.130768630719864
50,34,-4.6107878634769,-31.1555402114855
51,34,-4.9346646278031105,-36.10407490792959
52,34,-5.4502278958107,-41.58691193441013
53,34,-6.256610274990119,-47.57580764153158
54,34,-7.5868128689968,-54.60184811858984
55,34,-9.436887963976663,-64.15174818373454
18,35,-15.238697419917234,76.19939080361377
19,35,-11.438139612080764,62.91660404688876
20,35,-9.260196082826772,54.898920365095336
21,35,-8.108761710038227,48.787796526934336
22,35,-7.319057922995134,43.092754075352914
23,35,-6.741362633193376,37.60969635699962
24,35,-6.312639863509259,32.278552746096004
25,35,-6.031905846599424,27.735764372004603
26,35,-5.867594953452936,24.047814269845627
27,35,-5.774746176515107,20.897820482168573
28,35,-5.73675094711867,18.120683852018654
29,35,-5.8233218716185124,15.651607413504143
30,35,-5.978128834429278,13.383235591419815
31,35,-6.155545841824177,11.242456141247628
32,35,-6.331059172327873,9.199678077429533
33,35,-6.491074642139507,7.24185286690575
41,35,-6.43990570186471,-7.102961983863649
42,35,-6.285362537325445,-9.053237229096112
43,35,-6.120234414389607,-11.069625732846193
44,35,-5.960782812850772,-13.163669290212415
45,35,-5.839947718748621,-15.361110826352434
46,35,-5.818314300983061,-17.715341638502554
47,35,-5.898460049452025,-20.286011929167866
48,35,-6.030048428508265,-23.16776258297847
49,35,-6.228828780864136,-26.49550021961001
50,35,-6.537808838560346,-30.50018778958089
51,35,-7.025088925317846,-35.3775497902085
52,35,-7.7411018666218645,-40.60875083550336
53,35,-8.787837705665396,-46.23999287877653
54,35,-10.372169839924675,-52.75120660489857
55,35,-12.426989784107356,-62.36390083145078
56,35,-15.239490519850989,-76.19508914260297
19,36,-15.450767073594825,61.69878332080628
20,36,-12.242500879722817,51.31318243556139
21,36,-10.782857818910747,46.39815243848097
22,36,-9.82335029594899,41.650800423427555
23,36,-9.055587079981338,36.68013345807645
24,36,-8.415274944936609,31.595210639968226
25,36,-7.940809989242355,26.9576463882588
26,36,-7.6576297240656315,23.28118538596918
27,36,-7.506760670718573,20.22313595280542
28,36,-7.475567783245295,17.568354496333733
29,36,-7.615353307287364,15.230026369394505
30,36,-7.816988771876688,13.062256779476426
31,36,-8.032405266424446,11.00123756099612
32,36,-8.237651448820733,9.024419645579474
33,36,-8.420652828882702,7.122497406889199
34,36,-8.574675885237825,5.29272029700228
35,36,-8.695515310136873,3.536053820129068
39,36,-8.659880794044419,-3.2547656638558067
40,36,-8.529539867007845,-5.049780525022539
41,36,-8.369872139632559,-6.902582961918633
42,36,-8.18462571136477,-8.812277267937814
43,36,-7.980670612712719,-10.781276450134731
44,36,-7.771535344847906,-12.818102825711273
45,36,-7.586106595652338,-14.94444683052579
46,36,-7.493718350993332,-17.215777458687743
47,36,-7.573670479432673,-19.70931648489585
48,36,-7.747567071570001,-22.5121512145079
49,36,-8.043783700724513,-25.81873625050845
50,36,-8.52494032959488,-29.919493246272943
51,36,-9.228536803104445,-34.705647387111675
52,36,-10.131591638059904,-39.564957626475255
53,36,-11.317716304993748,-44.46494768754469
54,36,-12.973183009671391,-50.041369731273846
55,36,-15.574027300231897,-61.542999568307735
19,37,-22.858386734792937,72.38717419871186
20,37,-15.240603761773825,45.72036224542578
21,37,-13.877781773674583,44.162775576879554
22,37,-12.678893940364555,40.508446593999125
23,37,-11.61749552039456,35.98116465777355
24,37,-10.68546145254042,31.092309676875228
25,37,-9.929807644431758,26.28171629850969
26,37,-9.46522740254921,22.498333041872943
27,37,-9.207729817034087,19.446353065508333
28,37,-9.22731769773206,16.94513988652106
29,37,-9.437926475004746,14.75492801245183
30,37,-9.699185855131065,12.701794646748635
31,37,-9.961539727031889,10.734420632513922
32,37,-10.203839153037952,8.835909437247661
33,37,-10.416099243474939,7.001197523148295
34,37,-10.592967639289542,5.230723894345028
35,37,-10.730765611282855,3.5317109313439974
36,37,-10.822625566486094,1.9089916403023266
37,37,-10.850934997999198,0.2676417095203869
38,37,-10.814746728579888,-1.4131825816597452
39,37,-10.7145906345901,-3.128133970730349
40,37,-10.560695375292239,-4.8832906420919375
41,37,-10.371523797736275,-6.6928746549975555
42,37,-10.149940384162075,-8.554385633773803
43,37,-9.900827051995684,-10.467763567966312
44,37,-9.634485951790982,-12.438138519992194
45,37,-9.374726964989707,-14.482401974048665
46,37,-9.184378127004454,-16.65029135898863
47,37,-9.22192873696989,-19.06872505741635
48,37,-9.470119010165822,-21.85572126651461
49,37,-9.923227934658662,-25.267192811182536
50,37,-10.678571850132046,-29.632662092862535
51,37,-11.704862741748139,-34.3537451095578
52,37,-12.943526601049989,-38.96441737591923
53,37,-14.323886883893454,-43.09237300500327
54,37,-15.239501608573285,-45.72122060888918
55,37,-22.85773674969071,-68.57406322454453
20,38,-22.99649196120119,57.810019752214245
21,38,-18.30445447543357,45.0888343203205
22,38,-16.19071446805303,40.546649642631465
23,38,-14.593911156013764,35.95541046821315
24,38,-13.218035906173384,31.004574509101754
25,38,-12.046433768916238,25.91262614389573
26,38,-11.278123656146692,21.720826226664208
27,38,-10.876653356321164,18.586523391947424
28,38,-10.980166185017543,16.255295840356784
29,38,-11.28761775111659,14.235867782720115
30,38,-11.625669973466309,12.318005132529901
31,38,-11.948084867482878,10.46159860310154
32,38,-12.238065255596652,8.656573096064403
33,38,-12.488585991745618,6.9027971259201
34,38,-12.695929812352386,5.207650648304482
35,38,-12.855947710912302,3.583216071161373
36,38,-12.955725553162262,1.9732000985213438
37,38,-12.992145499039482,0.3444456275407052
38,38,-12.958816649569004,-1.3196670741871988
39,38,-12.85567216353401,-3.014450906030557
40,38,-12.682655940673614,-4.7337485247529845
41,38,-12.456506628795061,-6.490712451957068
42,38,-12.190407455186344,-8.293856246189343
43,38,-11.886884196358205,-10.140290487479504
44,38,-11.552369630449062,-12.03121740688547
45,38,-11.204222307783255,-13.977672490347182
46,38,-10.89546503292574,-16.021213907939202
47,38,-10.840112950419233,-18.34417145650252
48,38,-11.208777069768502,-21.243076471967065
49,38,-11.929952695147138,-25.031744607462823
50,38,-13.12531760981173,-29.834121403350423
51,38,-14.656626220729637,-34.771439896833826
52,38,-16.548993919475997,-39.74555436709572
53,38,-18.734664236634185,-44.99937467266586
54,38,-23.166521896030872,-54.67508782042416
55,38,-30.470292070286295,-76.17524109668658
20,39,-30.552085745889123,68.93110910584934
21,39,-25.07216750822151,52.602417170058246
22,39,-21.1550395419504,43.80423950292644
23,39,-18.322427690021076,37.32419989832842
24,39,-16.183625161562716,31.62751079492622
25,39,-14.40599271261462,26.046744019390797
26,39,-13.084674639065707,20.982226050719483
27,39,-12.491132711580832,17.63494125447681
28,39,-12.723753354053535,15.507256681497855
29,39,-13.1665923382498,13.694905998616207
30,39,-13.60711939951624,11.941340176566625
31,39,-14.008704176917659,10.219421070506561
32,39,-14.361428920669045,8.528161005005943
33,39,-14.662201540185697,6.87836335573645
34,39,-14.907867122188872,5.2783204343330725
35,39,-15.092547121481747,3.6733145079602707
36,39,-15.213693671899687,2.046597530995607
37,39,-15.261723438968785,0.4055520385889097
38,39,-15.230670316947702,-1.247479743333754
39,39,-15.114918146841994,-2.92530452293113
40,39,-14.918325791332988,-4.621885220241103
41,39,-14.65015624087644,-6.329530143521099
42,39,-14.328051579954595,-8.060376523973934
43,39,-13.956811361950408,-9.82375294406633
44,39,-13.538055822571113,-11.616016347078851
45,39,-13.080808493310322,-13.440749391940464
46,39,-12.623134716680944,-15.327365766997838
47,39,-12.413299917197733,-17.502148370017533
48,39,-12.967635666225814,-20.635239171290195
49,39,-14.245344315093385,-25.316808794100336
50,39,-16.149505830453286,-30.73274627106015
51,39,-18.634513769333843,-36.564996686834554
52,39,-21.72644409744927,-43.26639415442314
53,39,-26.073660925756077,-52.07856395284686
54,39,-30.84879644866959,-62.56617795577971
21,40,-31.966418722116845,60.52543755493433
22,40,-28.00923344932601,51.58106228722875
23,40,-23.9977389813239,42.488037997693446
24,40,-20.234909037127718,33.97924620709251
25,40,-17.34898640633343,26.9956613034937
26,40,-15.089215613659144,20.782124343854132
27,40,-13.982522586039176,16.537382616515703
28,40,-14.462562418498756,14.731001718850585
29,40,-15.10293223206477,13.190577265956984
30,40,-15.684433204259346,11.647493896082755
31,40,-16.1915693333379,10.097524759972131
32,40,-16.626136168217403,8.554334486050651
33,40,-16.981202438081635,7.005294444939398
34,40,-17.278333160317647,5.4130901487749785
35,40,-17.510727690155463,3.786897973599557
36,40,-17.661577102911384,2.135850244423786
37,40,-17.72151180122511,0.46864888943387845
38,40,-17.685948957033037,-1.206308326087738
39,40,-17.553891379725837,-2.881155668904924
40,40,-17.325251304125505,-4.561572884159543
41,40,-17.00702403356331,-6.244711429435303
42,40,-16.615137972281495,-7.92011677759713
43,40,-16.160534901057364,-9.582376474043683
44,40,-15.63458574906514,-11.247544200315101
45,40,-15.036727311067159,-12.912057745768738
46,40,-14.381260105555919,-14.585431386396005
47,40,-13.899594103197566,-16.49127498853059
48,40,-14.963863462340939,-20.438700736987617
49,40,-17.373945652132942,-26.323287342109936
50,40,-20.61396151101329,-33.01549039528558
51,40,-24.584831716851117,-40.91753863310192
52,40,-28.958080181633257,-49.69248298125869
53,40,-33.50611673908713,-59.06174722166546
54,40,-38.35053703467664,-69.67522064027261
21,41,-38.87095458539152,68.49819164740343
22,41,-34.679407563328255,58.78632852514113
23,41,-30.453986414851766,49.02751444238714
24,41,-26.405612227282358,39.81971185212649
25,41,-22.535856542966176,31.16781176118146
26,41,-18.821116422303607,22.998356308940483
27,41,-15.239724063321916,15.240178013024044
28,41,-16.459454416000938,14.261139550493615
29,41,-17.375092610077427,13.08634392036496
30,41,-18.079222646407402,11.74738710283224
31,41,-18.635292855888213,10.297069597493923
32,41,-19.092497493479097,8.778318827416598
33,41,-19.506714137476088,7.208675419845873
34,41,-19.87117046966165,5.589313698286564
35,41,-20.153205661685686,3.931544809231154
36,41,-20.335543528167225,2.245908119034511
37,41,-20.40902459020085,0.5423469776866862
38,41,-20.369215079069196,-1.169588624879632
39,41,-20.215027278512075,-2.8805403359140267
40,41,-19.948682424430544,-4.581152009888209
41,41,-19.57700671494464,-6.26190317582531
42,41,-19.11422070962643,-7.91715814336268
43,41,-18.589905933648367,-9.540437773271417
44,41,-18.003741106286643,-11.12369313427776
45,41,-17.290725617876685,-12.639413700410024
46,41,-16.394766176109385,-14.034903007032788
47,41,-15.242330582449805,-15.24198766599603
48,41,-19.139078670519897,-22.397168871735072
49,41,-23.140036218757476,-29.90623810161966
50,41,-27.26617123427326,-37.84093970301559
51,41,-31.605840384413934,-46.348282425206044
52,41,-36.27593993018241,-55.61158596247456
53,41,-41.03489739914797,-65.5379081201651
54,41,-45.71613365634616,-76.19463121053958
22,42,-40.947632740553885,64.60736969466716
23,42,-36.39697426162716,53.969607161972185
24,42,-32.15478605934695,44.158610108701055
25,42,-28.070212990929576,34.83814814682269
26,42,-24.72523988777784,26.1669689919606
27,42,-22.17804650531093,19.203681954160828
28,42,-20.367052179960563,15.496471642613717
29,42,-20.59040169778674,13.832837593327774
30,42,-21.065110733315354,12.312620757715951
31,42,-21.480087021440614,10.741086215096818
32,42,-21.861572470311078,9.12190375028538
33,42,-22.310737771138747,7.484559355224155
34,42,-22.741260350928417,5.822248920177804
35,42,-23.073441070507187,4.11823259536335
36,42,-23.288615742706842,2.383908253894908
37,42,-23.377649179554343,0.6301489836467942
38,42,-23.336322542204062,-1.1325617350181059
39,42,-23.163575925029065,-2.8939489943643038
40,42,-22.861506022129777,-4.6437756237549985
41,42,-22.437158670118816,-6.371733784292667
42,42,-21.908486376293332,-8.06832648138081
43,42,-21.362240622939343,-9.759421454051322
44,42,-20.877415085596688,-11.44767005796026
45,42,-20.393123860332448,-13.140946459914389
46,42,-20.249823680575236,-15.038889139127734
47,42,-22.397358728763763,-19.13905891954542
48,42,-25.965778247741227,-25.966016723024552
49,42,-29.60493057518155,-33.59948890464048
50,42,-33.85456954905396,-41.86807793943575
51,42,-38.99759306145774,-51.2975253183622
52,42,-44.62999429514911,-61.55649267422039
53,42,-51.09596909178046,-72.84692847596554
22,43,-48.466843946637894,68.60495366133961
23,43,-42.11094961812638,56.57661392269056
24,43,-37.01195071835662,45.72136733378865
25,43,-33.41469306874989,36.31830822609893
26,43,-31.612188994982414,29.012509247112725
27,43,-29.46621302122842,23.21175738696378
28,43,-26.47899633670553,18.205335392532987
29,43,-25.248597448965043,15.408954995179668
30,43,-24.8371344438795,13.294676245006256
31,43,-24.85846783275886,11.443861785371578
32,43,-25.087663415467507,9.647833519979098
33,43,-25.50470137105703,7.878602015478637
34,43,-25.975073199609366,6.135660678981832
35,43,-26.354980073773465,4.3637835693061495
36,43,-26.60333592120251,2.5606343804575347
37,43,-26.710503887995916,0.7372130487181694
38,43,-26.67257029663499,-1.09562202225697
39,43,-26.488986151879974,-2.9272162003655935
40,43,-26.162775666618163,-4.74717705138052
41,43,-25.703567012550185,-6.5456794215981375
42,43,-25.17274033970307,-8.341286984883824
43,43,-24.71993808188785,-10.19430244952222
44,43,-24.54691546733857,-12.143250375994146
45,43,-24.955030531988164,-14.384368385876641
46,43,-26.14703713840421,-17.376120075057862
47,43,-29.906460070176244,-23.140306443919712
48,43,-33.599235518574055,-29.60551023275615
49,43,-36.22666016806153,-36.22777771281462
50,43,-40.23090847845407,-44.58656539467538
51,43,-47.28646354007975,-55.99604502766782
52,43,-55.64543549543766,-68.70871914124581
23,44,-49.26701770605691,59.19153915910959
24,44,-41.559996338393006,45.902157460634584
25,44,-39.63297007735126,38.182399516328076
26,44,-39.113718128326475,32.52533869313964
27,44,-37.234731136218734,27.34949412107467
28,44,-33.76405458316596,21.859196248350344
29,44,-31.025433127134445,17.695842796244474
30,44,-29.786219129149,14.911934810370552
31,44,-29.048215509974117,12.538088623348376
32,44,-28.937306423470226,10.421238932014292
33,44,-29.250065328084,8.447690817921213
34,44,-29.71810505687232,6.569032732804841
35,44,-30.1368680233666,4.695613426297662
36,44,-30.41630017094406,2.7933872856585205
37,44,-30.54509942092052,0.8715967245927236
38,44,-30.519859561500482,-1.0598144077365337
39,44,-30.341739134076963,-2.9910554064172277
40,44,-30.0173820938903,-4.913302180304038
41,44,-29.56507258446394,-6.820370207506371
42,44,-29.13741643977199,-8.787918031187305
43,44,-28.970020367995275,-10.917409153261547
44,44,-29.317033831705285,-13.313727678638516
45,44,-30.411738217853614,-16.217711816467506
46,44,-32.88036004070733,-20.523930765716173
47,44,-37.841374827797864,-27.266787682532648
48,44,-41.867634650300744,-33.854969659979545
49,44,-44.58300622734697,-40.22986467209921
50,44,-45.72276221072006,-45.7249636932376
51,44,-58.781897786843686,-63.136998117470576
23,45,-60.96576487940141,66.04626477692052
24,45,-45.72928715123332,45.72945757774016
25,45,-47.35944003143669,41.54310392673412
26,45,-47.60692037584744,36.77757508352329
27,45,-45.58900468044349,31.622321168281676
28,45,-42.022545670009514,26.109933390263564
29,45,-37.62781503904829,20.560655790903358
30,45,-35.18407764708201,16.865626670474693
31,45,-33.88390784398002,14.00311299198197
32,45,-33.547752915141444,11.52532446544681
33,45,-33.772838641179334,9.271445004496668
34,45,-34.223401984172845,7.1941941522836705
35,45,-34.66575449974703,5.1625688071655835
36,45,-34.971828866936605,3.112443328788083
37,45,-35.12852872164407,1.0470260790730819
38,45,-35.134879658916496,-1.0275784474422542
39,45,-34.99596872624112,-3.1051311064685745
40,45,-34.722883152852376,-5.181376148975275
41,45,-34.328063728949445,-7.256545591027237
42,45,-33.949600205638156,-9.44899959040113
43,45,-33.80895035174036,-11.899051317904709
44,45,-34.331345949149714,-14.755361176289487
45,45,-36.28004623979558,-18.50817596816333
46,45,-40.917867038797105,-24.585242901663136
47,45,-46.348788072678175,-31.60640322329074
48,45,-51.29693072643834,-38.99742322242304
49,45,-55.99350783723962,-47.28549165255718
50,45,-63.13757101359325,-58.78387205825015
24,46,-66.04468683487869,60.96550287885417
25,46,-59.26825957989581,48.89800435979479
26,46,-57.36434419786938,41.83288512744378
27,46,-54.693926577075906,36.06826724373033
28,46,-50.876249210492304,30.497941880761616
29,46,-46.028224554033116,24.68999199969555
30,46,-41.12333171729518,19.2248261381954
31,46,-38.73608416631503,15.604806390106374
32,46,-38.205703004328356,12.754083204045651
33,46,-38.68100994550437,10.273157176227883
34,46,-39.444714839599776,8.035219826791124
35,46,-40.05369281326721,5.806252415301528
36,46,-40.4518112319478,3.5515476702979476
37,46,-40.66218788137243,1.2798605446819005
38,46,-40.6958526562976,-1.0024251538542064
39,46,-40.54967876550605,-3.2902499865978725
40,46,-40.204909697679646,-5.5792399788134786
41,46,-39.62557141741835,-7.865580897774025
42,46,-38.92989557673903,-10.250000646176952
43,46,-38.55721670370771,-13.012903261993758
44,46,-39.40588042382969,-16.439772892433723
45,46,-43.1871663376475,-21.676113920731343
46,46,-49.69352376414268,-28.958990281061503
47,46,-55.61281739447383,-36.276778973531485
48,46,-61.55730770235207,-44.63058406362264
49,46,-68.71003024918781,-55.646916262548224
25,47,-76.18491808451157,60.947539907653535
26,47,-68.63992617041407,48.15972476533951
27,47,-64.82872995799721,40.794163454837296
28,47,-60.43299747540698,35.04809062361519
29,47,-55.08926093945354,29.12581679352615
30,47,-49.20358751081544,23.078558333744187
31,47,-43.78933993364574,17.470905471663162
32,47,-42.51319218933327,14.027922280485246
33,47,-43.67944532806445,11.418459763205947
34,47,-44.99535349102239,9.023955317750453
35,47,-45.88805392971086,6.5602012773671525
36,47,-46.45151448920012,4.052956150119157
37,47,-46.74572825254323,1.5184316558314765
38,47,-46.79697977076725,-1.0321846747170036
39,47,-46.60174008540254,-3.5900598706947564
40,47,-46.12410416097821,-6.146907270737619
41,47,-45.28455531633864,-8.693471256067085
42,47,-43.96115718144608,-11.228560768560472
43,47,-42.86705813478792,-14.210730046879279
44,47,-44.86930065377861,-18.656968491625978
45,47,-52.07914059884475,-26.074255824283444
46,47,-59.06390906942754,-33.50765011415783
47,47,-65.54083327957665,-41.03665077678269
48,47,-72.85095900324293,-51.09923939313369
27,48,-76.19652453853838,45.720056410997366
28,48,-71.20580189767664,39.77645659821676
29,48,-65.81322664422568,33.77777850686217
30,48,-59.89794836452395,27.70700726903043
31,48,-53.287164648459566,21.540309375356983
32,48,-45.722473859585826,15.242045126232549
33,48,-49.21502993132168,12.863932314553262
34,48,-51.25705367861708,10.229767034410054
35,48,-52.51009510352043,7.463831430658118
36,48,-53.262694967521654,4.62352267548599
37,48,-53.64872871192422,1.7397101412532274
38,48,-53.72198184665339,-1.1682343429129518
39,48,-53.4799189540584,-4.0855962760277755
40,48,-52.859984823357514,-6.997910524570019
41,48,-51.703485352744636,-9.885914358991373
42,48,-49.6429238182833,-12.715198463410822
43,48,-45.720111874675055,-15.23929238540469
44,48,-54.67461086453486,-23.16678469129361
45,48,-62.568806178979884,-30.850399237998932
46,48,-69.68042352533956,-38.35326193971708
31,49,-73.15334842906837,27.433769687372667
32,49,-67.05904315053291,21.338306390441673
33,49,-61.332288889605245,15.40606864041997
34,49,-60.99282091765372,11.864943036386983
35,49,-61.554481603745785,8.614609687461666
36,49,-62.1659887357133,5.284222782422411
37,49,-62.514739652736544,1.8879590250481493
38,49,-62.58851020971187,-1.546276557585832
39,49,-62.378436705921374,-5.001794570846244
40,49,-61.84242867284056,-8.463633145715832
41,49,-61.028774111875116,-11.857463025313464
42,49,-61.44758339047363,-15.511627323849288
43,49,-68.58218660462774,-22.861290527592292
